{
  "project_info": {
    "project_number": "896562720584",
    "project_id": "gratiapp-gratidao-diaria",
    "storage_bucket": "gratiapp-gratidao-diaria.appspot.com"
  },
  "client": [
    {
      "client_info": {
        "mobilesdk_app_id": "1:896562720584:android:797dcd10d90c10ec460d7d",
        "android_client_info": {
          "package_name": "br.edu.infnet.gratiapp"
        }
      },
      "oauth_client": [
        {
          "client_id": "896562720584-as6tkd0ouiba0e6da8uds864marr5mt5.apps.googleusercontent.com",
          "client_type": 3
        }
      ],
      "api_key": [
        {
          "current_key": "AIzaSyBhe6nVbRJV0WxzeoYFTuM8K5F-IcJ5RX4"
        }
      ],
      "services": {
        "appinvite_service": {
          "other_platform_oauth_client": [
            {
              "client_id": "896562720584-as6tkd0ouiba0e6da8uds864marr5mt5.apps.googleusercontent.com",
              "client_type": 3
            }
          ]
        }
      }
    }
  ],
  "configuration_version": "1"
}